{
  "tenure_months": {
    "count": 8000.0,
    "mean": 36.201125,
    "std": 20.70187176733565,
    "min": 1.0,
    "25%": 18.0,
    "50%": 36.0,
    "75%": 54.0,
    "max": 72.0
  },
  "monthly_charges": {
    "count": 8000.0,
    "mean": 69.98427375000001,
    "std": 28.620429583101146,
    "min": 20.0,
    "25%": 44.9375,
    "50%": 70.68,
    "75%": 94.33,
    "max": 120.0
  },
  "total_charges": {
    "count": 8000.0,
    "mean": 2541.52257625,
    "std": 1889.1870212442057,
    "min": 22.83,
    "25%": 1018.5500000000001,
    "50%": 2099.1499999999996,
    "75%": 3734.31,
    "max": 8782.56
  },
  "num_products": {
    "count": 8000.0,
    "mean": 3.00575,
    "std": 1.4075562473036967,
    "min": 1.0,
    "25%": 2.0,
    "50%": 3.0,
    "75%": 4.0,
    "max": 5.0
  },
  "support_calls": {
    "count": 8000.0,
    "mean": 4.46075,
    "std": 2.861639925004987,
    "min": 0.0,
    "25%": 2.0,
    "50%": 4.0,
    "75%": 7.0,
    "max": 9.0
  },
  "payment_delay_days": {
    "count": 8000.0,
    "mean": 15.02,
    "std": 8.98744662151586,
    "min": 0.0,
    "25%": 7.0,
    "50%": 15.0,
    "75%": 23.0,
    "max": 30.0
  },
  "contract_type": {
    "count": 8000.0,
    "mean": 1.00775,
    "std": 0.8211420229032991,
    "min": 0.0,
    "25%": 0.0,
    "50%": 1.0,
    "75%": 2.0,
    "max": 2.0
  },
  "internet_service": {
    "count": 8000.0,
    "mean": 0.999125,
    "std": 0.8182040800525117,
    "min": 0.0,
    "25%": 0.0,
    "50%": 1.0,
    "75%": 2.0,
    "max": 2.0
  },
  "online_security": {
    "count": 8000.0,
    "mean": 0.4995,
    "std": 0.5000310029143037,
    "min": 0.0,
    "25%": 0.0,
    "50%": 0.0,
    "75%": 1.0,
    "max": 1.0
  },
  "tech_support": {
    "count": 8000.0,
    "mean": 0.50125,
    "std": 0.5000296903298856,
    "min": 0.0,
    "25%": 0.0,
    "50%": 1.0,
    "75%": 1.0,
    "max": 1.0
  }
}